{
  "interactionModel": {
    "languageModel": {
      "invocationName": "cake time",
      "intents": [
        {
          "name": "AMAZON.CancelIntent",
          "samples": []
        },
        {
          "name": "AMAZON.HelpIntent",
          "samples": []
        },
        {
          "name": "AMAZON.StopIntent",
          "samples": []
        },
        {
          "name": "AMAZON.NavigateHomeIntent",
          "samples": []
        },
        {
          "name": "CaptureBirthdayIntent",
          "slots": [
            {
              "name": "month",
              "type": "AMAZON.Month"
            },
            {
              "name": "day",
              "type": "AMAZON.Ordinal"
            },
            {
              "name": "year",
              "type": "AMAZON.FOUR_DIGIT_NUMBER"
            }
          ],
          "samples": [
            "{month} {day}",
            "{month} {day} {year}",
            "{month} {year}",
            "I was born on {month} {day} ",
            "I was born on {month} {day} {year}",
            "I was born on {month} {year}"
          ]
        }
      ],
      "types": []
    },
    "dialog": {
      "intents": [
        {
          "name": "CaptureBirthdayIntent",
          "confirmationRequired": false,
          "prompts": {},
          "slots": [
            {
              "name": "month",
              "type": "AMAZON.Month",
              "elicitationRequired": true,
              "confirmationRequired": false,
              "prompts": {
                "elicitation": "Elicit.Slot.303899476312.795077103633"
              }
            },
            {
              "name": "day",
              "type": "AMAZON.Ordinal",
              "elicitationRequired": true,
              "confirmationRequired": false,
              "prompts": {
                "elicitation": "Elicit.Slot.303899476312.985837334781"
              }
            },
            {
              "name": "year",
              "type": "AMAZON.FOUR_DIGIT_NUMBER",
              "elicitationRequired": true,
              "confirmationRequired": false,
              "prompts": {
                "elicitation": "Elicit.Slot.303899476312.27341833344"
              }
            }
          ]
        }
      ],
      "delegationStrategy": "ALWAYS"
    },
    "prompts": [
      {
        "id": "Elicit.Slot.303899476312.795077103633",
        "variations": [
          {
            "type": "PlainText",
            "value": "I was born in November. When what were you born?"
          },
          {
            "type": "PlainText",
            "value": "What month were you born?"
          }
        ]
      },
      {
        "id": "Elicit.Slot.303899476312.985837334781",
        "variations": [
          {
            "type": "PlainText",
            "value": "I was born on the sixth. What day were you born?"
          }
        ]
      },
      {
        "id": "Elicit.Slot.303899476312.27341833344",
        "variations": [
          {
            "type": "PlainText",
            "value": "I was born in two thousand fourteen, what year were you born?"
          }
        ]
      }
    ]
  },
  "version": "3"
}