{
  "manifest": {
    "apis": {
      "custom": {
        "endpoint": {
          "uri": "arn:aws:lambda:us-east-1:858889270310:function:4a9336b9-4008-4d66-9e09-b11eb181d581:Release_0"
        },
        "interfaces": [],
        "regions": {
          "NA": {
            "endpoint": {
              "uri": "arn:aws:lambda:us-east-1:858889270310:function:4a9336b9-4008-4d66-9e09-b11eb181d581:Release_0"
            }
          },
          "EU": {
            "endpoint": {
              "uri": "arn:aws:lambda:eu-west-1:858889270310:function:4a9336b9-4008-4d66-9e09-b11eb181d581:Release_0"
            }
          },
          "FE": {
            "endpoint": {
              "uri": "arn:aws:lambda:us-west-2:858889270310:function:4a9336b9-4008-4d66-9e09-b11eb181d581:Release_0"
            }
          }
        }
      }
    },
    "manifestVersion": "1.0",
    "privacyAndCompliance": {
      "allowsPurchases": false,
      "containsAds": false,
      "isChildDirected": false,
      "isExportCompliant": true,
      "locales": {
        "en-US": {}
      },
      "usesPersonalInfo": true
    },
    "publishingInformation": {
      "automaticDistribution": {
        "isActive": false
      },
      "category": "KNOWLEDGE_AND_TRIVIA",
      "distributionCountries": [],
      "distributionMode": "PUBLIC",
      "isAvailableWorldwide": true,
      "locales": {
        "en-US": {
          "description": "Cake Time allows users to teach Alexa their Birthday, have her provide a countdown in days to their next one, and wish a happy birthday on the day of.",
          "examplePhrases": [
            "Alexa, open Cake Time",
            "Alexa, how many days until my next birthday?"
          ],
          "keywords": [
            "Birthday"
          ],
          "name": "Cake Time",
          "summary": "Sample Short Description"
        }
      },
      "testingInstructions": "No additional permissions are required to function beyond having an Alexa unit and speaking the correct command."
    }
  }
}